COD_DANE_MUNICIPIO,TOTAL_MATRICULA,DEPARTAMENTO,MUNICIPIO
54520,1142,NORTE DE SANTANDER,PAMPLONITA
25438,1887,CUNDINAMARCA,MEDINA
13160,2315,BOLÍVAR,CANTAGALLO
25612,1885,CUNDINAMARCA,RICAURTE
15533,493,BOYACÁ,PAYA
25736,2650,CUNDINAMARCA,SESQUILÉ
25040,2772,CUNDINAMARCA,ANOLAIMA
47707,6784,MAGDALENA,SANTA ANA
70670,11980,SUCRE,SAMPUES
13670,7862,BOLÍVAR,SAN PABLO
19743,6754,CAUCA,SILVIA
91536,224,AMAZONAS,PUERTO ARICA
76109,80491,VALLE DEL CAUCA,BUENAVENTURA
27580,1782,CHOCÓ,RÍO IRÓ
76828,3434,VALLE DEL CAUCA,TRUJILLO
73449,9337,TOLIMA,MELGAR
5059,571,ANTIOQUIA,ARMENIA
27787,6377,CHOCÓ,TADÓ
8634,7318,ATLÁNTICO,SABANAGRANDE
50686,344,META,SAN JUANITO
5212,13873,ANTIOQUIA,COPACABANA
94343,2360,GUAINÍA,BARRANCO MINAS
76248,11393,VALLE DEL CAUCA,EL CERRITO
5321,1474,ANTIOQUIA,GUATAPE
85430,3375,CASANARE,TRINIDAD
27491,2190,CHOCÓ,NÓVITA
8372,3978,ATLÁNTICO,JUAN DE ACOSTA
13442,14998,BOLÍVAR,MARÍA LA BAJA
25772,3173,CUNDINAMARCA,SUESCA
8832,2507,ATLÁNTICO,TUBARÁ
68169,446,SANTANDER,CHARTA
52427,3272,NARIÑO,MAGÜÍ(PAYAN)
8558,3452,ATLÁNTICO,POLONUEVO
52215,2668,NARIÑO,CÓRDOBA
19256,9618,CAUCA,EL TAMBO
5347,1029,ANTIOQUIA,HELICONIA
54172,3785,NORTE DE SANTANDER,CHINÁCOTA
5390,1656,ANTIOQUIA,LA PINTADA
5440,13857,ANTIOQUIA,MARINILLA
52256,1180,NARIÑO,EL ROSARIO
85410,5970,CASANARE,TAURAMENA
63548,1411,QUINDIO,PIJAO
25658,2070,CUNDINAMARCA,SAN FRANCISCO
97511,964,VAUPÉS,PACOA
15790,1233,BOYACÁ,TASCO
15022,226,BOYACÁ,ALMEIDA
52051,1274,NARIÑO,ARBOLEDA(BERRUECOS)
18247,4677,CAQUETÁ,EL DONCELLO
85400,1707,CASANARE,TÁMARA
5656,2666,ANTIOQUIA,SAN JERÓNIMO
88001,10351,"ARCHIPIÉLAGO DE SAN ANDRES,PROVIDENCIA Y SANTA CATALINA",SAN ANDRÉS
68147,1169,SANTANDER,CAPITANEJO
15632,2641,BOYACÁ,SABOYÁ
20770,5860,CESAR,SAN MARTÍN
15172,485,BOYACÁ,CHINAVITA
15248,562,BOYACÁ,EL ESPINO
73873,1045,TOLIMA,VILLARRICA
5315,1103,ANTIOQUIA,GUADALUPÉ
52480,586,NARIÑO,NARIÑO
52788,1491,NARIÑO,TANGUA
73861,2680,TOLIMA,VENADILLO
17388,1137,CALDAS,LA MERCED
17050,2124,CALDAS,ARANZAZU
68425,434,SANTANDER,MACARAVITA
73043,1972,TOLIMA,ANZOÁTEGUI
5604,7956,ANTIOQUIA,REMEDIOS
15835,1485,BOYACÁ,TURMEQUÉ
63130,12872,QUINDIO,CALARCÁ
13780,3916,BOLÍVAR,TALAIGUA NUEVO
25843,10481,CUNDINAMARCA,UBATE
27001,38185,CHOCÓ,QUIBDÓ
23570,7400,CÓRDOBA,PUEBLO NUEVO
8606,5701,ATLÁNTICO,REPELÓN
68101,2250,SANTANDER,BOLÍVAR
68250,927,SANTANDER,EL PEÑÓN
52612,4329,NARIÑO,RICAURTE
25200,4649,CUNDINAMARCA,COGUA
91798,840,AMAZONAS,TARAPACÁ
25324,474,CUNDINAMARCA,GUATAQUÍ
20001,120509,CESAR,VALLEDUPAR
25871,413,CUNDINAMARCA,VILLAGÓMEZ
76520,59904,VALLE DEL CAUCA,PALMIRA
5134,1654,ANTIOQUIA,CAMPAMENTO
25269,30246,CUNDINAMARCA,FACATATIVÁ
73067,4966,TOLIMA,ATACO
23189,13609,CÓRDOBA,CIENAGA DE ORO
63001,47925,QUINDIO,ARMENIA
25095,423,CUNDINAMARCA,BITUIMA
15183,2163,BOYACÁ,CHITA
5088,89395,ANTIOQUIA,BELLO
47960,2329,MAGDALENA,ZAPAYÁN
68498,857,SANTANDER,OCAMONTE
68686,492,SANTANDER,SAN MIGUEL
19364,4203,CAUCA,JAMBALÓ
5842,1498,ANTIOQUIA,URAMITA
68745,2091,SANTANDER,SIMACOTA
76275,12907,VALLE DEL CAUCA,FLORIDA
47980,23589,MAGDALENA,ZONA BANANERA
86320,9825,PUTUMAYO,ORITO
17001,59557,CALDAS,MANIZALES
68077,6731,SANTANDER,BARBOSA
81591,885,ARAUCA,PUERTO RONDÓN
50606,4567,META,RESTREPO
52207,1634,NARIÑO,CONSACÁ
18094,2525,CAQUETÁ,BELÉN DE LOS ANDAQUÍES
15542,1322,BOYACÁ,PESCA
5042,6190,ANTIOQUIA,ANTIOQUIA
86569,2538,PUTUMAYO,PUERTO CAICEDO
15106,403,BOYACÁ,BRICEÑO
86885,6380,PUTUMAYO,VILLAGARZÓN
15646,5124,BOYACÁ,SAMACÁ
68755,6603,SANTANDER,SOCORRO
15676,709,BOYACÁ,SAN MIGUEL DE SEMA
50330,2401,META,MESETAS
50318,3287,META,GUAMAL
25754,133995,CUNDINAMARCA,SOACHA
85230,2970,CASANARE,OROCUÉ
68770,2023,SANTANDER,SUAITA
68211,641,SANTANDER,CONTRATACIÓN
23079,5554,CÓRDOBA,BUENAVISTA
68820,1526,SANTANDER,TONA
54820,3975,NORTE DE SANTANDER,TOLEDO
5790,7727,ANTIOQUIA,TARAZÁ
5044,1274,ANTIOQUIA,ANZÁ
15272,851,BOYACÁ,FIRAVITOBA
19785,1132,CAUCA,SUCRE
54673,1642,NORTE DE SANTANDER,SAN CAYETANO
15696,562,BOYACÁ,SANTA SOFÍA
73217,5806,TOLIMA,COYAIMA
13744,4185,BOLÍVAR,SIMITÍ
41016,3685,HUILA,AIPE
19585,2889,CAUCA,PURACÉ(COCONUCO)
68013,289,SANTANDER,AGUADA
5789,2997,ANTIOQUIA,TÁMESIS
18610,3605,CAQUETÁ,SAN JOSÉ DE FRAGUA
25851,641,CUNDINAMARCA,ÚTICA
88564,961,"ARCHIPIÉLAGO DE SAN ANDRES,PROVIDENCIA Y SANTA CATALINA",PROVIDENCIA
5120,7943,ANTIOQUIA,CÁCERES
54051,1817,NORTE DE SANTANDER,ARBOLEDAS
5809,1404,ANTIOQUIA,TITIRIBÍ
91540,2087,AMAZONAS,PUERTO NARIÑO
68001,110135,SANTANDER,BUCARAMANGA
47605,1883,MAGDALENA,REMOLINO
17446,373,CALDAS,MARULANDA
91407,978,AMAZONAS,LA PEDRERA
15879,413,BOYACÁ,VIRACACHÁ
52083,972,NARIÑO,BELÉN
25777,1007,CUNDINAMARCA,SUPATÁ
25805,966,CUNDINAMARCA,TIBACUY
19824,4395,CAUCA,TOTORÓ
5628,1805,ANTIOQUIA,SABANALARGA
13667,4883,BOLÍVAR,SAN MARTÍN DE LOBA
54347,569,NORTE DE SANTANDER,HERRÁN
15469,4281,BOYACÁ,MONIQUIRÁ
25797,1722,CUNDINAMARCA,TENA
54261,6632,NORTE DE SANTANDER,EL ZULIA
41206,1466,HUILA,COLOMBIA
5055,1458,ANTIOQUIA,ARGELIA
25486,3224,CUNDINAMARCA,NEMOCÓN
54128,2210,NORTE DE SANTANDER,CÁCHIRA
27075,3311,CHOCÓ,BAHÍA SOLANO(MUTIS)
41006,8051,HUILA,ACEVEDO
15212,606,BOYACÁ,COPER
68051,1772,SANTANDER,ARATOCA
15104,893,BOYACÁ,BOYACÁ
86760,1365,PUTUMAYO,SANTIAGO
41660,2636,HUILA,SALADOBLANCO
47258,4407,MAGDALENA,EL PIÑÓN
52250,8216,NARIÑO,EL CHARCO
13030,2650,BOLÍVAR,ALTOS DEL ROSARIO
25745,2775,CUNDINAMARCA,SIMIJACA
27073,3957,CHOCÓ,BAGADÓ
8433,27741,ATLÁNTICO,MALAMBO
5264,2143,ANTIOQUIA,ENTRERRÍOS
19517,9382,CAUCA,PÁEZ(BELALCAZAR)
52885,1677,NARIÑO,YACUANQUER
50689,5479,META,SAN MARTÍN
52352,1327,NARIÑO,ILES
15804,1599,BOYACÁ,TIBANÁ
19760,1889,CAUCA,SOTARÁ(PAISPAMBA)
18150,8691,CAQUETÁ,CARTAGENA DEL CHAIRÁ
5543,1667,ANTIOQUIA,PEQUE
44874,6604,GUAJIRA,VILLANUEVA
25120,984,CUNDINAMARCA,CABRERA
5154,23502,ANTIOQUIA,CAUCASIA
52685,1238,NARIÑO,SAN BERNARDO
5138,3340,ANTIOQUIA,CAÑASGORDAS
5209,4139,ANTIOQUIA,CONCORDIA
54418,774,NORTE DE SANTANDER,LOURDES
50245,493,META,EL CALVARIO
52203,1381,NARIÑO,COLÓN(GENOVA)
73236,1685,TOLIMA,DOLORES
15180,693,BOYACÁ,CHISCAS
52786,3020,NARIÑO,TAMINANGO
95001,15418,GUAVIARE,SAN JOSÉ DEL GUAVIARE
19698,23147,CAUCA,SANTANDER DE QUILICHAO
19392,2457,CAUCA,LA SIERRA
27745,937,CHOCÓ,SIPÍ
94663,281,GUAINÍA,MAPIRIPANA
41298,17564,HUILA,GARZÓN
68418,2641,SANTANDER,LOS SANTOS
73168,11898,TOLIMA,CHAPARRAL
5040,4671,ANTIOQUIA,ANORÍ
25489,591,CUNDINAMARCA,NIMAIMA
15897,898,BOYACÁ,ZETAQUIRA
52687,3076,NARIÑO,SAN LORENZO
5004,449,ANTIOQUIA,ABRIAQUÍ
15114,135,BOYACÁ,BUSBANZÁ
70221,4232,SUCRE,COVEÑAS
54239,910,NORTE DE SANTANDER,DURANIA
95025,3305,GUAVIARE,EL RETORNO
15638,983,BOYACÁ,SÁCHICA
25473,28173,CUNDINAMARCA,MOSQUERA
15185,1023,BOYACÁ,CHITARAQUE
13760,1901,BOLÍVAR,SOPLAVIENTO
17174,9222,CALDAS,CHINCHINÁ
25293,844,CUNDINAMARCA,GACHALÁ
47570,7432,MAGDALENA,PUEBLOVIEJO
52835,51694,NARIÑO,SAN ANDRES DE TUMACO
15001,40055,BOYACÁ,TUNJA
25299,583,CUNDINAMARCA,GAMA
15299,3076,BOYACÁ,GARAGOA
20310,911,CESAR,GONZÁLEZ
76318,6015,VALLE DEL CAUCA,GUACARÍ
97161,744,VAUPÉS,CARURU
68079,1529,SANTANDER,BARICHARA
66400,5948,RISARALDA,LA VIRGINIA
52411,1462,NARIÑO,LINARES
19418,6022,CAUCA,LÓPEZ(MICAY)
73870,1856,TOLIMA,VILLAHERMOSA
15317,277,BOYACÁ,GUACAMAYAS
5282,3760,ANTIOQUIA,FREDONIA
5858,3083,ANTIOQUIA,VEGACHÍ
18753,14513,CAQUETÁ,SAN VICENTE DEL CAGUÁN
25530,2295,CUNDINAMARCA,PARATEBUENO
20517,4416,CESAR,PAILITAS
68264,372,SANTANDER,ENCINO
68276,50570,SANTANDER,FLORIDABLANCA
50124,1351,META,CABUYARO
8296,12255,ATLÁNTICO,GALAPA
50001,119917,META,VILLAVICENCIO
47189,30954,MAGDALENA,CIÉNAGA
41483,1603,HUILA,NÁTAGA
5667,2239,ANTIOQUIA,SAN RAFAEL
76834,39523,VALLE DEL CAUCA,TULUÁ
52621,4102,NARIÑO,ROBERTO PAYÁN(SAN JOSÉ)
41668,6836,HUILA,SAN AGUSTÍN
54313,1179,NORTE DE SANTANDER,GRAMALOTE
25260,5484,CUNDINAMARCA,EL ROSAL
19130,7622,CAUCA,CAJIBÍO
68861,3846,SANTANDER,VÉLEZ
27800,4150,CHOCÓ,UNGUÍA
50568,12231,META,PUERTO GAITÁN
17616,2030,CALDAS,RISARALDA
85279,208,CASANARE,RECETOR
68673,439,SANTANDER,SAN BENITO
5021,881,ANTIOQUIA,ALEJANDRÍA
76616,2935,VALLE DEL CAUCA,RIOFRÍO
76377,2518,VALLE DEL CAUCA,LA CUMBRE
5107,1884,ANTIOQUIA,BRICEÑO
52260,2176,NARIÑO,EL TAMBO
23182,11301,CÓRDOBA,CHINU
5086,1621,ANTIOQUIA,BELMIRA
73624,5617,TOLIMA,ROVIRA
68669,1725,SANTANDER,SAN ANDRÉS
68573,1815,SANTANDER,PUERTO PARRA
41872,1398,HUILA,VILLAVIEJA
25123,1747,CUNDINAMARCA,CACHIPAY
19780,4715,CAUCA,SUÁREZ
25718,2272,CUNDINAMARCA,SASAIMA
27372,1422,CHOCÓ,JURADÓ
18592,6522,CAQUETÁ,PUERTO RICO
15861,3212,BOYACÁ,VENTAQUEMADA
44110,1573,GUAJIRA,EL MOLINO
68444,1325,SANTANDER,MATANZA
47170,5895,MAGDALENA,CHIVOLO
68209,528,SANTANDER,CONFINES
47745,6990,MAGDALENA,SITIONUEVO
70713,14498,SUCRE,SAN ONOFRE
68524,528,SANTANDER,PALMAS DEL SOCORRO
27135,1649,CHOCÓ,CANTÓN DEL SAN PABLO
8436,4478,ATLÁNTICO,MANATÍ
50325,1788,META,MAPIRIPÁN
70110,2378,SUCRE,BUENAVISTA
27006,3660,CHOCÓ,ACANDÍ
13490,2190,BOLÍVAR,NOROSÍ
68298,794,SANTANDER,GAMBITA
76823,2568,VALLE DEL CAUCA,TORO
41524,6742,HUILA,PALERMO
52683,3189,NARIÑO,SANDONÁ
70235,5530,SUCRE,GALERAS(NUEVA GRANADA)
19290,1115,CAUCA,FLORENCIA
41503,2723,HUILA,OPORAPA
15187,492,BOYACÁ,CHIVATÁ
76863,1185,VALLE DEL CAUCA,VERSALLES
52699,1469,NARIÑO,SANTACRUZ(GUACHAVES)
54405,16223,NORTE DE SANTANDER,LOS PATIOS
68266,742,SANTANDER,ENCISO
50350,4672,META,LA MACARENA
18479,863,CAQUETÁ,MORELIA
13188,3916,BOLÍVAR,CICUCO
66456,3795,RISARALDA,MISTRATÓ
85136,272,CASANARE,LA SALINA
20400,12430,CESAR,LA JAGUA DE IBIRICO
99001,5443,VICHADA,PUERTO CARREÑO
25339,674,CUNDINAMARCA,GUTIÉRREZ
15580,1009,BOYACÁ,QUÍPAMA
18460,2340,CAQUETÁ,MILÁN
15380,392,BOYACÁ,LA CAPILLA
13650,2700,BOLÍVAR,SAN FERNANDO
5030,4797,ANTIOQUIA,AMAGÁ
50683,1566,META,SAN JUAN DE ARAMA
44378,5057,GUAJIRA,HATONUEVO
19622,2304,CAUCA,ROSAS
47058,9184,MAGDALENA,ARIGUANÍ(EL DIFICIL)
15226,310,BOYACÁ,CUÍTIVA
25807,422,CUNDINAMARCA,TIBIRITA
19110,6152,CAUCA,BUENOS AIRES
76869,1927,VALLE DEL CAUCA,VIJES
25368,452,CUNDINAMARCA,JERUSALÉN
23855,9721,CÓRDOBA,VALENCIA
25506,945,CUNDINAMARCA,VENECIA(OSPINA PEREZ)
19050,6512,CAUCA,ARGELIA
54250,6207,NORTE DE SANTANDER,EL TARRA
15176,13113,BOYACÁ,CHIQUINQUIRÁ
20710,5665,CESAR,SAN ALBERTO
5091,1686,ANTIOQUIA,BETANIA
52418,1825,NARIÑO,LOS ANDES(SOTOMAYOR)
19532,7466,CAUCA,PATÍA(EL BORDO)
63470,6808,QUINDIO,MONTENEGRO
54377,1121,NORTE DE SANTANDER,LABATECA
15322,1937,BOYACÁ,GUATEQUE
76243,1707,VALLE DEL CAUCA,EL ÁGUILA
13052,18415,BOLÍVAR,ARJONA
13549,6968,BOLÍVAR,PINILLOS
73622,1165,TOLIMA,RONCESVALLES
27615,11543,CHOCÓ,RIOSUCIO
23660,26680,CÓRDOBA,SAHAGÚN
5642,3156,ANTIOQUIA,SALGAR
97889,302,VAUPÉS,YAVARATÉ
52399,5494,NARIÑO,LA UNION
25653,1019,CUNDINAMARCA,SAN CAYETANO
52356,26406,NARIÑO,IPIALES
23580,11160,CÓRDOBA,PUERTO LIBERTADOR
18785,1569,CAQUETÁ,SOLITA
73504,6627,TOLIMA,ORTEGA
23068,13650,CÓRDOBA,AYAPEL
13673,4085,BOLÍVAR,SANTA CATALINA
25297,1681,CUNDINAMARCA,GACHETÁ
25885,2535,CUNDINAMARCA,YACOPÍ
15087,1664,BOYACÁ,BELÉN
54099,1576,NORTE DE SANTANDER,BOCHALEMA
5197,3357,ANTIOQUIA,COCORNÁ
13836,22576,BOLÍVAR,TURBACO
25878,2952,CUNDINAMARCA,VIOTÁ
73520,1788,TOLIMA,PALOCABILDO
5250,15532,ANTIOQUIA,EL BAGRE
19701,1038,CAUCA,SANTA ROSA
50680,2883,META,SAN CARLOS DE GUAROA
19473,7614,CAUCA,MORALES
68502,697,SANTANDER,ONZAGA
17873,10377,CALDAS,VILLAMARÍA
20570,6675,CESAR,PUEBLO BELLO
23090,4649,CÓRDOBA,CANALETE
23419,4560,CÓRDOBA,LOS CÓRDOBAS
70508,5958,SUCRE,OVEJAS
25372,950,CUNDINAMARCA,JUNÍN
20175,10376,CESAR,CHIMICHAGUA
25845,1222,CUNDINAMARCA,UNE
5579,8230,ANTIOQUIA,PUERTO BERRÍO
5652,1280,ANTIOQUIA,SAN FRANCISCO
15522,386,BOYACÁ,PANQUEBA
5411,2009,ANTIOQUIA,LIBORINA
13580,1514,BOLÍVAR,REGIDOR
20228,9575,CESAR,CURUMANÍ
8549,1180,ATLÁNTICO,PIOJÓ
25518,769,CUNDINAMARCA,PAIME
73148,2085,TOLIMA,CARMEN DE APICALA
68705,382,SANTANDER,SANTA BÁRBARA
13430,33351,BOLÍVAR,MAGANGUÉ
5854,3150,ANTIOQUIA,VALDIVIA
23464,3557,CÓRDOBA,MOMIL
73200,1588,TOLIMA,COELLO
68160,450,SANTANDER,CEPITÁ
41357,2365,HUILA,IQUIRA
25799,7606,CUNDINAMARCA,TENJO
5172,16365,ANTIOQUIA,CHIGORODÓ
8770,2691,ATLÁNTICO,SUAN
5856,978,ANTIOQUIA,VALPARAÍSO
52354,1075,NARIÑO,IMUÉS
86001,11992,PUTUMAYO,MOCOA
47675,2223,MAGDALENA,SALAMINA
85300,664,CASANARE,SABANALARGA
5051,9588,ANTIOQUIA,ARBOLETES
85139,3526,CASANARE,MANÍ
13810,6299,BOLÍVAR,TIQUISIO(PUERTO RICO)
15755,1644,BOYACÁ,SOCOTÁ
5364,2635,ANTIOQUIA,JARDÍN
52233,1603,NARIÑO,CUMBITARA
13300,3566,BOLÍVAR,HATILLO DE LOBA
23807,28285,CÓRDOBA,TIERRALTA
15362,392,BOYACÁ,IZA
47288,21374,MAGDALENA,FUNDACIÓN
70265,4457,SUCRE,GUARANDA
17662,4012,CALDAS,SAMANÁ
54125,643,NORTE DE SANTANDER,CÁCOTA
66572,5348,RISARALDA,PUEBLO RICO
68432,5032,SANTANDER,MÁLAGA
54206,5547,NORTE DE SANTANDER,CONVENCIÓN
73686,1316,TOLIMA,SANTA ISABEL
68344,463,SANTANDER,HATO
18205,2178,CAQUETÁ,CURILLO
5837,42938,ANTIOQUIA,TURBO
68575,8657,SANTANDER,PUERTO WILCHES
5792,981,ANTIOQUIA,TARSO
13600,2442,BOLÍVAR,RÍO VIEJO
5495,7202,ANTIOQUIA,NECHÍ
95015,1926,GUAVIARE,CALAMAR
44420,737,GUAJIRA,LA JAGUA DEL PILAR
68872,1315,SANTANDER,VILLANUEVA
15764,1873,BOYACÁ,SORACÁ
15537,812,BOYACÁ,PAZ DE RÍO
73026,1517,TOLIMA,ALVARADO
50450,2232,META,PUERTO CONCORDIA
27430,3717,CHOCÓ,MEDIO BAUDÓ
5240,1831,ANTIOQUIA,EBÉJICO
15837,2221,BOYACÁ,TUTA
20013,19145,CESAR,AGUSTÍN CODAZZI
25488,2098,CUNDINAMARCA,NILO
5313,1941,ANTIOQUIA,GRANADA
91405,799,AMAZONAS,LA CHORRERA
66088,4894,RISARALDA,BELÉN DE UMBRÍA
20614,3483,CESAR,RÍO DE ORO
41791,4130,HUILA,TARQUI
15367,1331,BOYACÁ,JENESANO
5480,5545,ANTIOQUIA,MUTATÁ
27361,10436,CHOCÓ,ITSMINA
76400,6057,VALLE DEL CAUCA,LA UNIÓN
52838,8100,NARIÑO,TÚQUERRES
5237,4074,ANTIOQUIA,DON MATÍAS
76892,23930,VALLE DEL CAUCA,YUMBO
25290,27560,CUNDINAMARCA,FUSAGASUGÁ
15762,600,BOYACÁ,SORA
63190,4407,QUINDIO,CIRCASIA
25279,2181,CUNDINAMARCA,FÓMEQUE
15757,2271,BOYACÁ,SOCHA
44855,2337,GUAJIRA,URUMITA
5001,441926,ANTIOQUIA,MEDELLÍN
5206,508,ANTIOQUIA,CONCEPCIÓN
19100,9005,CAUCA,BOLÍVAR
54518,10530,NORTE DE SANTANDER,PAMPLONA
15500,445,BOYACÁ,OICATÁ
17513,2308,CALDAS,PÁCORA
15511,357,BOYACÁ,PACHAVITA
68684,705,SANTANDER,SAN JOSE DE MIRANDA
15218,525,BOYACÁ,COVARACHIA
20621,8143,CESAR,LA PAZ(ROBLES)
20295,2568,CESAR,GAMARRA
5002,3700,ANTIOQUIA,ABEJORRAL
5079,8542,ANTIOQUIA,BARBOSA
25328,780,CUNDINAMARCA,GUAYABAL DE SIQUIMA
85001,41579,CASANARE,YOPAL
5501,487,ANTIOQUIA,OLAYA
68655,8413,SANTANDER,SABANA DE TORRES
47268,7645,MAGDALENA,EL RETÉN
13688,9762,BOLÍVAR,SANTA ROSA DEL SUR
50400,2491,META,LEJANÍAS
52490,7289,NARIÑO,OLAYA HERRERA
19821,7281,CAUCA,TORIBÍO
25740,7324,CUNDINAMARCA,SIBATÉ
25335,1221,CUNDINAMARCA,GUAYABETAL
19809,8231,CAUCA,TIMBIQUÍ
50711,4336,META,VISTA HERMOSA
15204,3095,BOYACÁ,CÓMBITA
15740,1749,BOYACÁ,SIACHOQUE
15816,975,BOYACÁ,TOGÜÍ
73055,2441,TOLIMA,ARMERO(GUAYABAL)
15368,788,BOYACÁ,JERICÓ
63272,2193,QUINDIO,FILANDIA
73770,578,TOLIMA,SUÁREZ
94887,237,GUAINÍA,PANA PANA
15162,624,BOYACÁ,CERINZA
54670,3169,NORTE DE SANTANDER,SAN CALIXTO
25386,5912,CUNDINAMARCA,LA MESA
13683,4476,BOLÍVAR,SANTA ROSA
68368,594,SANTANDER,JESÚS MARÍA
76606,3271,VALLE DEL CAUCA,RESTREPO
44430,52101,GUAJIRA,MAICAO
76233,7803,VALLE DEL CAUCA,DAGUA
85125,3471,CASANARE,HATO COROZAL
25178,1785,CUNDINAMARCA,CHIPAQUE
47205,2944,MAGDALENA,CONCORDIA
19397,3199,CAUCA,LA VEGA
44035,8597,GUAJIRA,ALBANIA
54109,1202,NORTE DE SANTANDER,BUCARASICA
25875,5919,CUNDINAMARCA,VILLETA
41013,2077,HUILA,AGRADO
73270,1822,TOLIMA,FALAN
63302,1411,QUINDIO,GÉNOVA
73283,6271,TOLIMA,FRESNO
73319,5990,TOLIMA,GUAMO
5659,6882,ANTIOQUIA,SAN JUAN DE URABÁ
25572,3858,CUNDINAMARCA,PUERTO SALGAR
5658,670,ANTIOQUIA,SAN JOSÉ DE LA MONTAÑA
41530,2598,HUILA,PALESTINA
68385,2435,SANTANDER,LANDÁZURI
76890,2814,VALLE DEL CAUCA,YOTOCO
66318,2416,RISARALDA,GUÁTICA
23168,2901,CÓRDOBA,CHIMÁ
73411,8075,TOLIMA,LÍBANO
47161,2196,MAGDALENA,CERRO DE SAN ANTONIO
73352,2599,TOLIMA,ICONONZO
8560,5427,ATLÁNTICO,PONEDERA
94001,8472,GUAINÍA,INÍRIDA
52227,6443,NARIÑO,CUMBAL
25326,1190,CUNDINAMARCA,GUATAVITA
8638,22008,ATLÁNTICO,SABANALARGA
41885,1390,HUILA,YAGUARÁ
19533,1939,CAUCA,PIAMONTE
17653,2937,CALDAS,SALAMINA
54398,1823,NORTE DE SANTANDER,LA PLAYA
41026,710,HUILA,ALTAMIRA
25596,1327,CUNDINAMARCA,QUIPILE
15667,1046,BOYACÁ,SAN LUIS DE GACENO
20750,4888,CESAR,SAN DIEGO
63111,535,QUINDIO,BUENAVISTA
5125,1812,ANTIOQUIA,CAICEDO
27245,2790,CHOCÓ,EL CARMEN DE ATRATO
91669,463,AMAZONAS,PUERTO SANTANDER
25535,2474,CUNDINAMARCA,PASCA
41319,4326,HUILA,GUADALUPE
5819,1413,ANTIOQUIA,TOLEDO
25317,3157,CUNDINAMARCA,GUACHETÁ
95200,1008,GUAVIARE,MIRAFLORES
25099,2154,CUNDINAMARCA,BOJACÁ
47245,21466,MAGDALENA,EL BANCO
5361,5106,ANTIOQUIA,ITUANGO
8849,1619,ATLÁNTICO,USIACURÍ
15518,480,BOYACÁ,PAJARITO
15293,629,BOYACÁ,GACHANTIVÁ
41359,5996,HUILA,ISNOS
54498,25561,NORTE DE SANTANDER,OCAÑA
23466,22358,CÓRDOBA,MONTELÍBANO
47720,3488,MAGDALENA,SANTA BÁRBARA DE PINIO
25394,1727,CUNDINAMARCA,LA PALMA
54874,19864,NORTE DE SANTANDER,VILLA DEL ROSARIO
52473,1874,NARIÑO,MOSQUERA
70418,5352,SUCRE,LOS PALMITOS
52390,2050,NARIÑO,LA TOLA
47660,5987,MAGDALENA,SABANAS DE SAN ÁNGEL
15759,30495,BOYACÁ,SOGAMOSO
25839,1810,CUNDINAMARCA,UBALÁ
54003,9030,NORTE DE SANTANDER,ÁBREGO
70230,1008,SUCRE,CHALÁN
5861,2022,ANTIOQUIA,VENECIA
76622,6835,VALLE DEL CAUCA,ROLDANILLO
68255,2948,SANTANDER,EL PLAYÓN
5113,1849,ANTIOQUIA,BURITICÁ
52585,3314,NARIÑO,PUPIALES
25645,2075,CUNDINAMARCA,S.ANTONIO DE TEQUENDAMA
8758,122437,ATLÁNTICO,SOLEDAD
86219,892,PUTUMAYO,COLÓN
73347,1425,TOLIMA,HERVEO
15820,755,BOYACÁ,TÓPAGA
68245,342,SANTANDER,EL GUACAMAYO
68855,1080,SANTANDER,VALLE DE SAN JOSÉ
76122,4447,VALLE DEL CAUCA,CAICEDONIA
27660,1216,CHOCÓ,SAN JOSÉ DEL PALMAR
25899,26977,CUNDINAMARCA,ZIPAQUIRÁ
5266,33285,ANTIOQUIA,ENVIGADO
23555,17422,CÓRDOBA,PLANETA RICA
25151,3476,CUNDINAMARCA,CÁQUEZA
8078,14189,ATLÁNTICO,BARANOA
5615,24815,ANTIOQUIA,RIONEGRO
86757,4226,PUTUMAYO,SAN MIGUEL
25377,9761,CUNDINAMARCA,LA CALERA
47318,7639,MAGDALENA,GUAMAL
15753,1800,BOYACÁ,SOATÁ
68720,776,SANTANDER,SANTA HELENA DEL OPÓN
15480,1779,BOYACÁ,MUZO
47001,130748,MAGDALENA,SANTA MARTA
47703,3431,MAGDALENA,SAN ZENÓN
68549,716,SANTANDER,PINCHOTE
23162,22187,CÓRDOBA,CERETE
27025,9069,CHOCÓ,ALTO BAUDÓ
13873,5936,BOLÍVAR,VILLANUEVA
47555,17586,MAGDALENA,PLATO
5467,985,ANTIOQUIA,MONTEBELLO
41801,1623,HUILA,TERUEL
54800,4325,NORTE DE SANTANDER,TEORAMA
15514,555,BOYACÁ,PÁEZ
68572,3312,SANTANDER,PUENTE NACIONAL
5031,5087,ANTIOQUIA,AMALFI
19300,3811,CAUCA,GUACHENÉ
54660,2317,NORTE DE SANTANDER,SALAZAR
41548,3283,HUILA,PITAL
5736,9181,ANTIOQUIA,SEGOVIA
13838,3645,BOLÍVAR,TURBANÁ
76036,3215,VALLE DEL CAUCA,ANDALUCÍA
25867,686,CUNDINAMARCA,VIANÍ
52694,991,NARIÑO,SAN PEDRO DE CARTAGO
73152,1115,TOLIMA,CASABIANCA
73585,4769,TOLIMA,PURIFICACIÓN
5360,42744,ANTIOQUIA,ITAGÜÍ
13042,2140,BOLÍVAR,ARENAL
27205,3636,CHOCÓ,CONDOTO
19142,7825,CAUCA,CALOTO
52001,76006,NARIÑO,PASTO
52110,3811,NARIÑO,BUESACO
25815,2591,CUNDINAMARCA,TOCAIMA
20045,6646,CESAR,BECERRIL
76250,1821,VALLE DEL CAUCA,EL DOVIO
15664,806,BOYACÁ,SAN JOSÉ DE PARE
68235,3384,SANTANDER,EL CARMEN DE  CHUCIRÍ
52240,2574,NARIÑO,CHACHAGÜÍ
15686,1451,BOYACÁ,SANTANA
52079,11978,NARIÑO,BARBACOAS
25286,20628,CUNDINAMARCA,FUNZA
15599,2138,BOYACÁ,RAMIRIQUÍ
68020,680,SANTANDER,ALBANIA
73124,3819,TOLIMA,CAJAMARCA
13620,1765,BOLÍVAR,SAN CRISTÓBAL
68229,2244,SANTANDER,CURITÍ
91530,162,AMAZONAS,PUERTO ALEGRÍA
70771,5857,SUCRE,SUCRE
15806,2272,BOYACÁ,TIBASOSA
50223,1371,META,SAN LUIS DE CUBARRAL
15814,2077,BOYACÁ,TOCA
5585,2714,ANTIOQUIA,PTO NARE(LA MAGDALENA)
73461,794,TOLIMA,MURILLO
94886,298,GUAINÍA,CACAHUAL
15531,1460,BOYACÁ,PAUNA
8573,16077,ATLÁNTICO,PUERTO COLOMBIA
11001,1312216,"CAPITAL BOGOTÁ, D.C.","BOGOTÁ, D.C."
5142,657,ANTIOQUIA,CARACOLÍ
15763,1487,BOYACÁ,SOTAQUIRÁ
85315,291,CASANARE,SÁCAMA
19137,9526,CAUCA,CALDONO
25662,1768,CUNDINAMARCA,SAN JUAN DE RÍO SECO
17495,1441,CALDAS,NORCASIA
25769,4251,CUNDINAMARCA,SUBACHOQUE
15425,656,BOYACÁ,MACANAL
25513,5231,CUNDINAMARCA,PACHO
54245,3150,NORTE DE SANTANDER,EL CARMEN
68397,679,SANTANDER,LA PAZ
19075,3932,CAUCA,BALBOA
50150,3285,META,CASTILLA LA NUEVA
52317,2791,NARIÑO,GUACHUCAL
25580,548,CUNDINAMARCA,PULÍ
5368,2121,ANTIOQUIA,JERICÓ
23300,3433,CÓRDOBA,COTORRA
5664,5487,ANTIOQUIA,SAN PEDRO DE LOS MILAGROS
15660,343,BOYACÁ,SAN EDUARDO
15778,511,BOYACÁ,SUTATENZA
5093,3736,ANTIOQUIA,BETULIA
15332,829,BOYACÁ,GÜICÁN
25817,9569,CUNDINAMARCA,TOCANCIPÁ
44279,11988,GUAJIRA,FONSECA
5576,1548,ANTIOQUIA,PUEBLORRICO
19548,8170,CAUCA,PIENDAMÓ
5101,5148,ANTIOQUIA,BOLÍVAR
50226,5362,META,CUMARAL
23001,109808,CÓRDOBA,MONTERÍA
63401,6111,QUINDIO,LA TEBAIDA
15092,274,BOYACÁ,BETÉITIVA
85440,7746,CASANARE,VILLANUEVA
76364,28766,VALLE DEL CAUCA,JAMUNDÍ
68132,389,SANTANDER,CALIFORNIA
25126,15590,CUNDINAMARCA,CAJICÁ
25873,4609,CUNDINAMARCA,VILLAPINZÓN
27050,1620,CHOCÓ,ATRATO
25862,1061,CUNDINAMARCA,VERGARA
8421,6351,ATLÁNTICO,LURUACO
68179,664,SANTANDER,CHIPATÁ
52036,1151,NARIÑO,ANCUYÁ
81001,22189,ARAUCA,ARAUCA
73408,3607,TOLIMA,LÉRIDA
17442,1783,CALDAS,MARMATO
5483,1772,ANTIOQUIA,NARIÑO
15131,526,BOYACÁ,CALDAS
5376,11420,ANTIOQUIA,LA CEJA
15810,649,BOYACÁ,TIPACOQUE
15109,869,BOYACÁ,BUENAVISTA
5890,4187,ANTIOQUIA,YOLOMBÓ
15600,1272,BOYACÁ,RÁQUIRA
13074,5101,BOLÍVAR,BARRANCO DE LOBA
68162,1576,SANTANDER,CERRITO
68207,1114,SANTANDER,CONCEPCIÓN
15455,1527,BOYACÁ,MIRAFLORES
68190,7795,SANTANDER,CIMITARRA
5034,8193,ANTIOQUIA,ANDES
15776,1067,BOYACÁ,SUTAMARCHÁN
41799,2534,HUILA,TELLO
13062,2094,BOLÍVAR,ARROYOHONDO
25785,4432,CUNDINAMARCA,TABIO
68464,2346,SANTANDER,MOGOTES
18001,45150,CAQUETÁ,FLORENCIA
25086,409,CUNDINAMARCA,BELTRÁN
47798,4560,MAGDALENA,TENERIFE
52696,2875,NARIÑO,SANTA BÁRBARA(ISCUANDE)
54385,3216,NORTE DE SANTANDER,LA ESPERANZA
15377,553,BOYACÁ,LABRANZAGRANDE
17486,3984,CALDAS,NEIRA
20032,5718,CESAR,ASTREA
85250,9263,CASANARE,PAZ DE ARIPORO
50573,8500,META,PUERTO LÓPEZ
17088,1999,CALDAS,BELALCÁZAR
76100,2900,VALLE DEL CAUCA,BOLÍVAR
68324,446,SANTANDER,GUAVATÁ
76736,6746,VALLE DEL CAUCA,SEVILLA
44090,7862,GUAJIRA,DIBULLA
70233,2401,SUCRE,EL ROBLE
52678,4687,NARIÑO,SAMANIEGO
5380,15010,ANTIOQUIA,LA ESTRELLA
91001,15281,AMAZONAS,LETICIA
27450,2715,CHOCÓ,MEDIO SAN JUAN
99773,11714,VICHADA,CUMARIBO
41770,5307,HUILA,SUAZA
54743,1428,NORTE DE SANTANDER,SILOS
5631,11701,ANTIOQUIA,SABANETA
5649,3780,ANTIOQUIA,SAN CARLOS
5400,4112,ANTIOQUIA,LA UNIÓN
41396,15114,HUILA,LA PLATA
25258,831,CUNDINAMARCA,EL PEÑÓN
27099,4989,CHOCÓ,BOJAYÁ(BELLAVISTA)
15236,385,BOYACÁ,CHIVOR
52019,1462,NARIÑO,ALBÁN(SAN JOSE)
73563,1808,TOLIMA,PRADO
15774,378,BOYACÁ,SUSACÓN
25430,22083,CUNDINAMARCA,MADRID
70702,2871,SUCRE,SAN JUAN DE BETULIA
23686,8501,CÓRDOBA,SAN PELAYO
68320,974,SANTANDER,GUADALUPE
73547,988,TOLIMA,PIEDRAS
15507,1540,BOYACÁ,OTANCHE
23586,3817,CÓRDOBA,PURÍSIMA
15491,3197,BOYACÁ,NOBSA
52520,2042,NARIÑO,FRANCISCO PIZARRO
13248,1618,BOLÍVAR,EL GUAMO
73268,16143,TOLIMA,ESPINAL
41676,2352,HUILA,SANTA MARÍA
70400,3105,SUCRE,LA UNIÓN
19807,6556,CAUCA,TIMBÍO
25312,1689,CUNDINAMARCA,GRANADA
15051,1181,BOYACÁ,ARCABUCO
13244,19610,BOLÍVAR,EL CARMEN DE BOLÍVAR
20383,3847,CESAR,LA GLORIA
13473,5340,BOLÍVAR,MORALES
19450,2956,CAUCA,MERCADERES
5887,9595,ANTIOQUIA,YARUMAL
68217,1017,SANTANDER,COROMORO
25524,996,CUNDINAMARCA,PANDI
25398,983,CUNDINAMARCA,LA PEÑA
17877,2328,CALDAS,VITERBO
18410,3907,CAQUETÁ,LA MONTAÑITA
8520,6440,ATLÁNTICO,PALMAR DE VARELA
15808,544,BOYACÁ,TINJACÁ
86568,17419,PUTUMAYO,PUERTO ASÍS
15464,887,BOYACÁ,MONGUA
25181,2364,CUNDINAMARCA,CHOACHÍ
19693,1366,CAUCA,SAN SEBASTIÁN
70523,3640,SUCRE,PALMITO
20011,25761,CESAR,AGUACHICA
68081,56626,SANTANDER,BARRANCABERMEJA
13140,7296,BOLÍVAR,CALAMAR
17042,5745,CALDAS,ANSERMA
68500,2208,SANTANDER,OIBA
54680,685,NORTE DE SANTANDER,SANTIAGO
54174,2421,NORTE DE SANTANDER,CHITAGÁ
23670,11996,CÓRDOBA,SAN ANDRÉS DE SOTAVENTO
76113,4249,VALLE DEL CAUCA,BUGALAGRANDE
18860,1567,CAQUETÁ,VALPARAÍSO
70204,2010,SUCRE,COLOSO
70429,10575,SUCRE,MAJAGUAL
25245,4751,CUNDINAMARCA,EL COLEGIO
50287,2699,META,FUENTE DE ORO
27250,4842,CHOCÓ,LITORAL DE SAN JUAN
19513,3390,CAUCA,PADILLA
52435,1639,NARIÑO,MALLAMA(PIEDRANCHA)
15476,1014,BOYACÁ,MOTAVITA
8001,270523,ATLÁNTICO,BARRANQUILLA
70820,8280,SUCRE,TOLÚ
13468,13140,BOLÍVAR,MOMPÓS
73675,3340,TOLIMA,SAN ANTONIO
15693,2114,BOYACÁ,SANTA ROSA DE VITERBO
5036,1275,ANTIOQUIA,ANGELÓPOLIS
23500,7029,CÓRDOBA,MOÑITOS
15494,1025,BOYACÁ,NUEVO COLÓN
15244,941,BOYACÁ,EL COCUY
5885,1382,ANTIOQUIA,YALÍ
17614,9240,CALDAS,RIOSUCIO
15097,1025,BOYACÁ,BOAVITA
68092,1273,SANTANDER,BETULIA
76020,2382,VALLE DEL CAUCA,ALCALA
66383,1326,RISARALDA,LA CELIA
5647,1404,ANTIOQUIA,SAN ANDRÉS DE CUERQUÍA
13440,2581,BOLÍVAR,MARGARITA
81300,5429,ARAUCA,FORTUL
76001,375976,VALLE DEL CAUCA,CALI
68468,701,SANTANDER,MOLAGAVITA
17665,1034,CALDAS,SAN JOSÉ
25781,1314,CUNDINAMARCA,SUTATAUSA
41132,6651,HUILA,CAMPOALEGRE
15189,1102,BOYACÁ,CIÉNEGA
27600,2853,CHOCÓ,RÍO QUITO
73030,1074,TOLIMA,AMBALEMA
44001,62354,GUAJIRA,RIOHACHA
76041,3413,VALLE DEL CAUCA,ANSERMANUEVO
25436,539,CUNDINAMARCA,MANTA
19001,62905,CAUCA,POPAYÁN
76130,17124,VALLE DEL CAUCA,CANDELARIA
5847,7044,ANTIOQUIA,URRAO
15798,568,BOYACÁ,TENZA
19355,7390,CAUCA,INZÁ
70215,16575,SUCRE,COROZAL
52320,1629,NARIÑO,GUAITARILLA
5150,678,ANTIOQUIA,CAROLINA
13657,8335,BOLÍVAR,SAN JUAN NEPOMUCENO
25281,1287,CUNDINAMARCA,FOSCA
8141,3597,ATLÁNTICO,CANDELARIA
52378,3258,NARIÑO,LA CRUZ
47545,4806,MAGDALENA,PIJIÑO DEL CARMEN
73024,797,TOLIMA,ALPUJARRA
5490,15662,ANTIOQUIA,NECOCLÍ
13006,6957,BOLÍVAR,ACHÍ
15325,484,BOYACÁ,GUAYATÁ
19212,5590,CAUCA,CORINTO
25154,1405,CUNDINAMARCA,CARMEN DE CARUPA
25288,1543,CUNDINAMARCA,FÚQUENE
99624,1043,VICHADA,SANTA ROSALÍA
76895,8012,VALLE DEL CAUCA,ZARZAL
86571,5657,PUTUMAYO,PUERTO GUZMÁN
41518,1361,HUILA,PAICOL
52405,1789,NARIÑO,LEIVA
47460,6173,MAGDALENA,NUEVA GRANADA
13268,2236,BOLÍVAR,EL PEÑÓN
15407,3413,BOYACÁ,VILLA DE LEYVA
15550,356,BOYACÁ,PISBA
68322,417,SANTANDER,GUAPOTÁ
5190,1546,ANTIOQUIA,CISNEROS
85010,8368,CASANARE,AGUAZUL
54001,167529,NORTE DE SANTANDER,CUCUTA
52224,1210,NARIÑO,CUASPUD(CARLOSAMA)
23678,6231,CÓRDOBA,SAN CARLOS
54480,824,NORTE DE SANTANDER,MUTISCUA
70678,6907,SUCRE,SAN BENITO ABAD
15720,400,BOYACÁ,SATIVANORTE
15215,431,BOYACÁ,CORRALES
20550,5357,CESAR,PELAYA
20443,2824,CESAR,MANAURE BALCON DL CESAR
20787,4579,CESAR,TAMALAMEQUE
70742,6887,SUCRE,SAN LUIS DE SINCÉ
5129,12990,ANTIOQUIA,CALDAS
15296,986,BOYACÁ,GÁMEZA
13001,242127,BOLÍVAR,CARTAGENA
5541,3554,ANTIOQUIA,PEÑOL
23815,10977,CÓRDOBA,TUCHÍN
68370,285,SANTANDER,JORDAN
17380,14006,CALDAS,LA DORADA
50577,1790,META,PUERTO LLERAS
66687,2364,RISARALDA,SANTUARIO
99524,2622,VICHADA,LA PRIMAVERA
15690,716,BOYACÁ,SANTA MARÍA
25743,4257,CUNDINAMARCA,SILVANIA
25148,2174,CUNDINAMARCA,CAPARRAPÍ
20250,12049,CESAR,EL PASO
76403,2151,VALLE DEL CAUCA,LA VICTORIA
54223,1607,NORTE DE SANTANDER,CUCUTILLA
25168,512,CUNDINAMARCA,CHAGUANÍ
25779,1055,CUNDINAMARCA,SUSA
68307,32587,SANTANDER,GIRÓN
23682,3606,CÓRDOBA,SAN JOSÉ DE URÉ
15238,27027,BOYACÁ,DUITAMA
52254,997,NARIÑO,EL PEÑOL
54599,1194,NORTE DE SANTANDER,RAGONVALIA
5686,8828,ANTIOQUIA,SANTA ROSA DE OSOS
68533,912,SANTANDER,PÁRAMO
5425,1846,ANTIOQUIA,MACEO
52565,765,NARIÑO,PROVIDENCIA
18756,2617,CAQUETÁ,SOLANO
25793,1852,CUNDINAMARCA,TAUSA
5674,3288,ANTIOQUIA,SAN VICENTE FERRER
47053,10346,MAGDALENA,ARACATACA
94885,63,GUAINÍA,LA GUADALUPE
15442,1043,BOYACÁ,MARIPÍ
63690,2556,QUINDIO,SALENTO
85162,3749,CASANARE,MONTERREY
52573,1722,NARIÑO,PUERRES
17444,2643,CALDAS,MARQUETALIA
73349,4689,TOLIMA,HONDA
68327,850,SANTANDER,GÜEPSA
68296,612,SANTANDER,GALÁN
85015,418,CASANARE,CHÁMEZA
91263,404,AMAZONAS,EL ENCANTO
66170,35493,RISARALDA,DOS QUEBRADAS
17433,3080,CALDAS,MANZANARES
41378,3113,HUILA,LA ARGENTINA
81736,13530,ARAUCA,SARAVENA
76126,3068,VALLE DEL CAUCA,EL DARIEN CALIMA
15842,1273,BOYACÁ,UMBITA
15839,403,BOYACÁ,TUTAZÁ
73001,110729,TOLIMA,IBAGUÉ
25426,1136,CUNDINAMARCA,MACHETÁ
41244,766,HUILA,ELÍAS
54810,17286,NORTE DE SANTANDER,TIBÚ
15761,478,BOYACÁ,SOMONDOCO
68271,1080,SANTANDER,FLORIÁN
5679,3710,ANTIOQUIA,SANTA BÁRBARA
5893,4433,ANTIOQUIA,YONDÓ(CASABE)
54344,2771,NORTE DE SANTANDER,HACARÍ
5148,10678,ANTIOQUIA,CARMEN DE VIBORAL
23417,27863,CÓRDOBA,LORICA
68406,8787,SANTANDER,LEBRIJA
25599,1269,CUNDINAMARCA,APULO - RAFAEL REYES
73443,7713,TOLIMA,SAN SEBASTIÁN DE MARIQUITA
52720,1036,NARIÑO,SAPUYES
47692,6665,MAGDALENA,SAN SEBASTÍAN DE BUENAVISTA
41078,1377,HUILA,BARAYA
5690,2884,ANTIOQUIA,SANTO DOMINGO
52560,2017,NARIÑO,POTOSÍ
50006,19819,META,ACACÍAS
66594,6080,RISARALDA,QUINCHÍA
25175,31121,CUNDINAMARCA,CHÍA
66682,13890,RISARALDA,SANTA ROSA DE CABAL
68318,1200,SANTANDER,GUACA
47551,10263,MAGDALENA,PIVIJAY
52287,977,NARIÑO,FUNES
25823,778,CUNDINAMARCA,TOPAIPÍ
5475,1289,ANTIOQUIA,MURINDÓ
19318,9255,CAUCA,GUAPI
54871,1004,NORTE DE SANTANDER,VILLA CARO
86749,3472,PUTUMAYO,SIBUNDOY
5038,2830,ANTIOQUIA,ANGOSTURA
15047,3472,BOYACÁ,AQUITANIA
68780,743,SANTANDER,SURATÁ
20178,7935,CESAR,CHIRIGUANÁ
25407,2140,CUNDINAMARCA,LENGUAZAQUE
76246,1105,VALLE DEL CAUCA,EL CAIRO
94884,460,GUAINÍA,PUERTO COLOMBIA
86865,7789,PUTUMAYO,VALLE GUAMUEZ-LAHORMIGA
91460,308,AMAZONAS,MIRITÍ-PARANÁ
41020,5198,HUILA,ALGECIRAS
68682,433,SANTANDER,SAN JOAQUÍN
13647,4010,BOLÍVAR,SAN ESTANISLAO
15673,662,BOYACÁ,SAN MATEO
63594,5355,QUINDIO,QUIMBAYA
23675,7924,CÓRDOBA,SAN BERNARDO DEL VIENTO
52022,1519,NARIÑO,ALDANA
25592,793,CUNDINAMARCA,QUEBRADANEGRA
41001,80579,HUILA,NEIVA
15232,807,BOYACÁ,CHIQUIZA
25649,1976,CUNDINAMARCA,SAN BERNARDO
73483,3297,TOLIMA,NATAGAIMA
25224,1615,CUNDINAMARCA,CUCUNUBÁ
41306,6048,HUILA,GIGANTE
73555,7281,TOLIMA,PLANADAS
8137,5472,ATLÁNTICO,CAMPO DE LA CRUZ
85325,1607,CASANARE,SAN LUIS DE PALENQUE
13222,3543,BOLÍVAR,CLEMENCIA
23350,3344,CÓRDOBA,LA APARTADA
25758,5652,CUNDINAMARCA,SOPÓ
17867,1852,CALDAS,VICTORIA
70001,70231,SUCRE,SINCELEJO
50590,2629,META,PUERTO RICO
25320,6148,CUNDINAMARCA,GUADUAS
86573,6315,PUTUMAYO,PUERTO LEGUÍZAMO
44078,8060,GUAJIRA,BARRANCAS
41797,2249,HUILA,TESALIA
25483,386,CUNDINAMARCA,NARIÑO
68176,473,SANTANDER,CHIMA
68689,6420,SANTANDER,SAN VICENTE DE CHUCURI
68152,873,SANTANDER,CARCASÍ
5147,13496,ANTIOQUIA,CAREPA
17541,3719,CALDAS,PENSILVANIA
63212,1047,QUINDIO,CÓRDOBA
25019,1096,CUNDINAMARCA,ALBÁN
47030,5206,MAGDALENA,ALGARROBO
81794,15567,ARAUCA,TAME
68522,252,SANTANDER,PALMAR
73854,1007,TOLIMA,VALLE DE SAN JUAN
52381,1435,NARIÑO,LA FLORIDA
73678,2593,TOLIMA,SAN LUIS
70823,5343,SUCRE,TOLU VIEJO
18029,957,CAQUETÁ,ALBANIA
50270,988,META,EL DORADO
68167,2568,SANTANDER,CHARALÁ
23672,7993,CÓRDOBA,SAN ANTERO
27160,1230,CHOCÓ,CERTEGÜI
52540,2451,NARIÑO,POLICARPA
41349,1537,HUILA,HOBO
76845,986,VALLE DEL CAUCA,ULLOA
20060,11307,CESAR,BOSCONIA
68867,298,SANTANDER,VETAS
27495,2438,CHOCÓ,NUQUÍ
94883,425,GUAINÍA,SAN FELIPE OBANDO
41807,4682,HUILA,TIMANÁ
44650,11851,GUAJIRA,SAN JUAN DEL CESAR
5353,1063,ANTIOQUIA,HISPANIA
76497,1864,VALLE DEL CAUCA,OBANDO
13212,4323,BOLÍVAR,CÓRDOBA
25295,3328,CUNDINAMARCA,GACHANCIPÁ
44098,2768,GUAJIRA,DISTRACCIÓN
5660,3046,ANTIOQUIA,SAN LUIS
41551,33822,HUILA,PITALITO
13458,3436,BOLÍVAR,MONTECRISTO
15822,1068,BOYACÁ,TOTA
73226,1872,TOLIMA,CUNDAY
5607,4453,ANTIOQUIA,RETIRO
68895,2117,SANTANDER,ZAPATOCA
25001,2306,CUNDINAMARCA,AGUA DE DIOS
17777,5196,CALDAS,SUPÍA
76563,9865,VALLE DEL CAUCA,PRADERA
73671,2821,TOLIMA,SALDAÑA
13894,3076,BOLÍVAR,ZAMBRANO
41615,5250,HUILA,RIVERA
5310,1581,ANTIOQUIA,GÓMEZ PLATA
15516,7275,BOYACÁ,PAIPA
97666,518,VAUPÉS,TARAIRA
81065,10200,ARAUCA,ARAUQUITA
5045,34539,ANTIOQUIA,APARTADÓ
52323,1124,NARIÑO,GUALMATÁN
52506,982,NARIÑO,OSPINA
70124,3201,SUCRE,CAIMITO
50110,1592,META,BARRANCA DE UPÍA
50251,1810,META,EL CASTILLO
50313,16857,META,GRANADA
15832,320,BOYACÁ,TUNUNGUÁ
15723,256,BOYACÁ,SATIVASUR
70717,4285,SUCRE,SAN PEDRO
85225,1856,CASANARE,NUNCHÍA
15401,200,BOYACÁ,LA VICTORIA
5306,1362,ANTIOQUIA,GIRALDO
81220,867,ARAUCA,CRAVO NORTE
27413,3893,CHOCÓ,LLORÓ
17013,3981,CALDAS,AGUADAS
5591,4344,ANTIOQUIA,PUERTO TRIUNFO
15403,525,BOYACÁ,LA UVITA
8685,4860,ATLÁNTICO,SANTO TOMÁS
50370,2334,META,LA URIBE
5761,3007,ANTIOQUIA,SOPETRÁN
76147,22378,VALLE DEL CAUCA,CARTAGO
66001,96748,RISARALDA,PEREIRA
68615,5838,SANTANDER,RIONEGRO
73616,5200,TOLIMA,RIOBLANCO
5318,7552,ANTIOQUIA,GUARNE
25035,2786,CUNDINAMARCA,ANAPOIMA
73275,5473,TOLIMA,FLANDES
15681,1339,BOYACÁ,SAN PABLO DE BORBUR
85263,2480,CASANARE,PORE
25898,814,CUNDINAMARCA,ZIPACÓN
66075,1185,RISARALDA,BALBOA
25307,20567,CUNDINAMARCA,GIRARDOT
5308,8548,ANTIOQUIA,GIRARDOTA
5697,7110,ANTIOQUIA,SANTUARIO
25214,14175,CUNDINAMARCA,COTA
15572,11466,BOYACÁ,PUERTO BOYACÁ
23574,5862,CÓRDOBA,PUERTO ESCONDIDO
15621,458,BOYACÁ,RONDÓN
5234,6464,ANTIOQUIA,DABEIBA
52385,943,NARIÑO,LA LLANADA
25053,2130,CUNDINAMARCA,ARBELÁEZ
44847,46085,GUAJIRA,URIBIA
54553,2275,NORTE DE SANTANDER,PUERTO SANTANDER
19573,10386,CAUCA,PUERTO TEJADA
13654,5686,BOLÍVAR,SAN JACINTO
18256,3411,CAQUETÁ,EL PAUJIL
86755,1013,PUTUMAYO,SAN FRANCISCO
25594,1625,CUNDINAMARCA,QUETAME
76670,2960,VALLE DEL CAUCA,SAN PEDRO
44560,29859,GUAJIRA,MANAURE
5145,733,ANTIOQUIA,CARAMANTA
15090,283,BOYACÁ,BERBEO
8675,2811,ATLÁNTICO,SANTA LUCÍA
66440,3311,RISARALDA,MARSELLA
70708,14768,SUCRE,SAN MARCOS
15276,558,BOYACÁ,FLORESTA
17524,3135,CALDAS,PALESTINA
5284,5304,ANTIOQUIA,FRONTINO
27150,4624,CHOCÓ,CARMEN DEL DARIÉN
25183,4508,CUNDINAMARCA,CHOCONTÁ
5873,2672,ANTIOQUIA,VIGÍA DEL FUERTE
25491,1246,CUNDINAMARCA,NOCAIMA
19455,7182,CAUCA,MIRANDA
68679,13537,SANTANDER,SAN GIL
97001,7040,VAUPÉS,MITÚ
13433,6832,BOLÍVAR,MAHATES
27810,1929,CHOCÓ,UNIÓN PANAMERICANA
15224,817,BOYACÁ,CUCAITA
52258,2394,NARIÑO,EL TABLON
5756,7174,ANTIOQUIA,SONSÓN
25841,1215,CUNDINAMARCA,UBAQUE
15223,1556,BOYACÁ,CUBARÁ
5895,9515,ANTIOQUIA,ZARAGOZA
15135,506,BOYACÁ,CAMPOHERMOSO
76306,4349,VALLE DEL CAUCA,GINEBRA
68121,304,SANTANDER,CABRERA
70473,3275,SUCRE,MORROA
27425,2086,CHOCÓ,MEDIO ATRATO
5665,9265,ANTIOQUIA,SAN PEDRO DE URABÁ
68377,1325,SANTANDER,LA BELLEZA
47541,2315,MAGDALENA,PEDRAZA
19845,3745,CAUCA,VILLA RICA
17272,1643,CALDAS,FILADELFIA
54720,5944,NORTE DE SANTANDER,SARDINATA
68547,34954,SANTANDER,PIEDECUESTA
25322,3330,CUNDINAMARCA,GUASCA
15466,980,BOYACÁ,MONGUÍ
13655,2577,BOLÍVAR,SAN JACINTO DEL CAUCA
52210,819,NARIÑO,CONTADERO
94888,194,GUAINÍA,MORICHAL NUEVO
5670,4120,ANTIOQUIA,SAN ROQUE
66045,2115,RISARALDA,APÍA
76054,1031,VALLE DEL CAUCA,ARGELIA
19022,3512,CAUCA,ALMAGUER
20238,8659,CESAR,EL COPEY
68773,1341,SANTANDER,SUCRE
52693,2387,NARIÑO,SAN PABLO
27077,5980,CHOCÓ,BAJO BAUDÓ(PIZARRO)
25402,3403,CUNDINAMARCA,LA VEGA
76111,23909,VALLE DEL CAUCA,BUGA
